<?xml version="1.0" encoding="UTF-8"?>
<con:soapui-project id="d9cc57bd-a73e-4d53-b039-02804c58b99f" created="3.44.1" activeEnvironment="Default environment" name="Activity1_RestAPI" projectVersion="" updated="3.44.1 2023-03-15T15:35:59Z" xmlns:con="http://eviware.com/soapui/config">
  <con:settings/>
  <con:interface xsi:type="con:RestService" id="159af6ca-2e3a-4753-afa7-e52195f3d764" wadlVersion="http://wadl.dev.java.net/2009/02" name="https://petstore.swagger.io" type="rest" xmlns:xsi="http://www.w3.org/2001/XMLSchema-instance">
    <con:settings/>
    <con:definitionCache/>
    <con:endpoints>
      <con:endpoint>https://petstore.swagger.io</con:endpoint>
    </con:endpoints>
    <con:resource name="User" path="/v2/user" id="293b3d29-fcfe-4fba-af8d-7bdfccb888c9">
      <con:settings/>
      <con:parameters/>
      <con:method name="User" id="da73efb0-0dd6-4df2-a360-95eb03b5f7fd" method="POST">
        <con:settings/>
        <con:parameters/>
        <con:representation type="REQUEST">
          <con:mediaType>application/json</con:mediaType>
          <con:params/>
        </con:representation>
        <con:representation type="RESPONSE">
          <con:mediaType>application/json</con:mediaType>
          <con:status>200</con:status>
          <con:params/>
          <con:element xmlns:user="https://petstore.swagger.io/v2/user">user:Response</con:element>
        </con:representation>
        <con:request name="Request 1" id="853b9bd5-71a1-4110-9e3a-fdd789726e45" mediaType="application/json">
          <con:settings/>
          <con:endpoint>https://petstore.swagger.io</con:endpoint>
          <con:parameters/>
        </con:request>
      </con:method>
    </con:resource>
    <con:resource name="Login" path="/v2/user/login" id="87a4fca5-8b6a-4f88-82b0-c4fdaa30bcde">
      <con:settings/>
      <con:parameters/>
      <con:method name="Login" id="4ad2c655-3444-489a-a5d4-e789f1b62f7a" method="GET">
        <con:settings/>
        <con:parameters>
          <con:parameter required="true">
            <con:name>username</con:name>
            <con:value>{username}</con:value>
            <con:style>QUERY</con:style>
            <con:default>{username}</con:default>
            <con:path xsi:nil="true"/>
            <con:description xsi:nil="true"/>
          </con:parameter>
          <con:parameter required="true">
            <con:name>password</con:name>
            <con:value>{password}</con:value>
            <con:style>QUERY</con:style>
            <con:default>{password}</con:default>
            <con:path xsi:nil="true"/>
            <con:description xsi:nil="true"/>
          </con:parameter>
        </con:parameters>
        <con:representation type="RESPONSE">
          <con:mediaType>application/json</con:mediaType>
          <con:status>200</con:status>
          <con:params/>
          <con:element xmlns:log="https://petstore.swagger.io/v2/user/login">log:Response</con:element>
        </con:representation>
        <con:request name="Request 1" id="afda0698-f7fc-4ac3-b90b-def40cdb6d33" mediaType="application/json">
          <con:settings/>
          <con:endpoint>https://petstore.swagger.io</con:endpoint>
          <con:parameters>
            <con:entry key="password" value="{password}"/>
            <con:entry key="username" value="{username}"/>
          </con:parameters>
          <con:parameterOrder>
            <con:entry>username</con:entry>
            <con:entry>password</con:entry>
          </con:parameterOrder>
        </con:request>
      </con:method>
    </con:resource>
    <con:resource name="Username" path="/v2/user/{username}" id="b76c6ca1-7810-45aa-bf96-e6537ad78956">
      <con:settings/>
      <con:parameters/>
      <con:method name="Username" id="c6f65c8c-179a-4b88-adbf-4a69952680c3" method="GET">
        <con:settings/>
        <con:parameters>
          <con:parameter required="true">
            <con:name>username</con:name>
            <con:value>username</con:value>
            <con:style>TEMPLATE</con:style>
            <con:default>username</con:default>
            <con:path xsi:nil="true"/>
            <con:description xsi:nil="true"/>
          </con:parameter>
        </con:parameters>
        <con:representation type="FAULT">
          <con:mediaType>application/json</con:mediaType>
          <con:status>404</con:status>
          <con:params/>
          <con:element xmlns:tes="https://petstore.swagger.io/v2/user/testuser">tes:Fault</con:element>
        </con:representation>
        <con:representation type="RESPONSE">
          <con:mediaType>application/json</con:mediaType>
          <con:status>200</con:status>
          <con:params/>
          <con:element xmlns:tes="https://petstore.swagger.io/v2/user/testuser">tes:Response</con:element>
        </con:representation>
        <con:request name="Request 1" id="f34cef85-9b6f-431d-a835-0fdd2a6b04f4" mediaType="application/json">
          <con:settings/>
          <con:endpoint>https://petstore.swagger.io</con:endpoint>
          <con:parameters>
            <con:entry key="username" value="username"/>
          </con:parameters>
          <con:parameterOrder>
            <con:entry>username</con:entry>
          </con:parameterOrder>
        </con:request>
      </con:method>
      <con:method name="Username 2" id="9fca8f4b-b42f-40b7-9ec3-84d835742400" method="DELETE">
        <con:settings/>
        <con:parameters>
          <con:parameter required="true">
            <con:name>username</con:name>
            <con:value>username</con:value>
            <con:style>TEMPLATE</con:style>
            <con:default>username</con:default>
            <con:path xsi:nil="true"/>
            <con:description xsi:nil="true"/>
          </con:parameter>
        </con:parameters>
        <con:representation type="RESPONSE">
          <con:mediaType>application/json</con:mediaType>
          <con:status>200</con:status>
          <con:params/>
          <con:element xmlns:tes="https://petstore.swagger.io/v2/user/testuser">tes:Response</con:element>
        </con:representation>
        <con:representation type="REQUEST">
          <con:mediaType>application/json</con:mediaType>
          <con:params/>
        </con:representation>
        <con:request name="Request 1" id="04db886a-e503-47fa-bb23-b814ed1c3795" mediaType="application/json">
          <con:settings/>
          <con:endpoint>https://petstore.swagger.io</con:endpoint>
          <con:parameters>
            <con:entry key="username" value="username"/>
          </con:parameters>
          <con:parameterOrder>
            <con:entry>username</con:entry>
          </con:parameterOrder>
        </con:request>
      </con:method>
    </con:resource>
    <con:resource name="Logout" path="/v2/user/logout" id="7bdd9782-41c7-4a68-81f5-cd08de582673">
      <con:settings/>
      <con:parameters/>
      <con:method name="Logout" id="1995af36-14ae-4992-a104-79ecc174d5e6" method="GET">
        <con:settings/>
        <con:parameters/>
        <con:representation type="RESPONSE">
          <con:mediaType>application/json</con:mediaType>
          <con:status>200</con:status>
          <con:params/>
          <con:element xmlns:log="https://petstore.swagger.io/v2/user/logout">log:Response</con:element>
        </con:representation>
        <con:request name="Request 1" id="4d4861dd-012d-4b4f-9bb7-876a2b4d95d3" mediaType="application/json">
          <con:settings/>
          <con:endpoint>https://petstore.swagger.io</con:endpoint>
          <con:parameters/>
        </con:request>
      </con:method>
    </con:resource>
  </con:interface>
  <con:testSuite id="525f91d7-7160-4209-b3cc-13a5d72fdcb6" name="Test Suite">
    <con:settings/>
    <con:runType>SEQUENTIAL</con:runType>
    <con:testCase id="8d5a9ba4-7617-4088-8fa1-183282347573" discardOkResults="false" failOnError="false" failTestCaseOnErrors="true" keepSession="false" name="Test Case" searchProperties="true" timeout="0">
      <con:settings/>
      <con:testStep type="restrequest" name="POST-CreateUser" id="dcd31a3c-cff4-4051-bf5f-55215cb7e134">
        <con:settings/>
        <con:config service="https://petstore.swagger.io" resourcePath="/v2/user" methodName="User" xsi:type="con:RestRequestStep" xmlns:xsi="http://www.w3.org/2001/XMLSchema-instance">
          <con:restRequest name="POST-CreateUser" id="853b9bd5-71a1-4110-9e3a-fdd789726e45" mediaType="application/json" postQueryString="false">
            <con:settings>
              <con:setting id="com.eviware.soapui.impl.wsdl.WsdlRequest@request-headers">&lt;xml-fragment/></con:setting>
            </con:settings>
            <con:endpoint>https://petstore.swagger.io</con:endpoint>
            <con:request>{
    "id": 1,
    "username": "testuser",
    "firstName": "John",
    "lastName": "Doe",
    "email": "john@doe.com",
    "password": "testuser",
    "phone": "234567890",
    "userStatus": 0
}</con:request>
            <con:originalUri>https://petstore.swagger.io/v2/user</con:originalUri>
            <con:assertion type="Valid HTTP Status Codes" id="d0efd7ac-3980-4c5e-bf65-d713a8c4ba58" name="Valid HTTP Status Codes">
              <con:settings/>
              <con:configuration>
                <codes>200</codes>
              </con:configuration>
            </con:assertion>
            <con:credentials>
              <con:selectedAuthProfile>No Authorization</con:selectedAuthProfile>
              <con:authType>No Authorization</con:authType>
            </con:credentials>
            <con:jmsConfig JMSDeliveryMode="PERSISTENT"/>
            <con:parameters/>
          </con:restRequest>
        </con:config>
      </con:testStep>
      <con:testStep type="restrequest" name="GET-LogIn" id="267c417f-a3e1-4107-8b22-78f187bfbe1c">
        <con:settings/>
        <con:config service="https://petstore.swagger.io" resourcePath="/v2/user/login" methodName="Login" xsi:type="con:RestRequestStep" xmlns:xsi="http://www.w3.org/2001/XMLSchema-instance">
          <con:restRequest name="GET-LogIn" id="afda0698-f7fc-4ac3-b90b-def40cdb6d33" mediaType="application/json">
            <con:settings>
              <con:setting id="com.eviware.soapui.impl.wsdl.WsdlRequest@request-headers">&lt;xml-fragment/></con:setting>
            </con:settings>
            <con:endpoint>https://petstore.swagger.io</con:endpoint>
            <con:request/>
            <con:originalUri>https://petstore.swagger.io/v2/user/login</con:originalUri>
            <con:assertion type="Valid HTTP Status Codes" id="5bce42cd-cdc0-40b8-a107-9e2130908dd5" name="Valid HTTP Status Codes">
              <con:settings/>
              <con:configuration>
                <codes>200</codes>
              </con:configuration>
            </con:assertion>
            <con:credentials>
              <con:selectedAuthProfile>No Authorization</con:selectedAuthProfile>
              <con:authType>No Authorization</con:authType>
            </con:credentials>
            <con:jmsConfig JMSDeliveryMode="PERSISTENT"/>
            <con:parameters>
              <con:entry key="password" value="testuser"/>
              <con:entry key="username" value="testuser"/>
            </con:parameters>
            <con:parameterOrder>
              <con:entry>username</con:entry>
              <con:entry>password</con:entry>
            </con:parameterOrder>
          </con:restRequest>
        </con:config>
      </con:testStep>
      <con:testStep type="restrequest" name="GET-UserInformation" id="2eba8c9f-6cdc-4c60-8979-1485209e15cc">
        <con:settings/>
        <con:config service="https://petstore.swagger.io" resourcePath="/v2/user/{username}" methodName="Username" xsi:type="con:RestRequestStep" xmlns:xsi="http://www.w3.org/2001/XMLSchema-instance">
          <con:restRequest name="GET-UserInformation" id="f34cef85-9b6f-431d-a835-0fdd2a6b04f4" mediaType="application/json">
            <con:settings>
              <con:setting id="com.eviware.soapui.impl.wsdl.WsdlRequest@request-headers">&lt;xml-fragment/></con:setting>
            </con:settings>
            <con:endpoint>https://petstore.swagger.io</con:endpoint>
            <con:request/>
            <con:originalUri>https://petstore.swagger.io/v2/user/testuser</con:originalUri>
            <con:assertion type="Valid HTTP Status Codes" id="0488847e-6672-459f-8986-4a642e3fddf3" name="Valid HTTP Status Codes">
              <con:settings/>
              <con:configuration>
                <codes>200</codes>
              </con:configuration>
            </con:assertion>
            <con:credentials>
              <con:selectedAuthProfile>No Authorization</con:selectedAuthProfile>
              <con:authType>No Authorization</con:authType>
            </con:credentials>
            <con:jmsConfig JMSDeliveryMode="PERSISTENT"/>
            <con:parameters>
              <con:entry key="username" value="testuser"/>
            </con:parameters>
            <con:parameterOrder>
              <con:entry>username</con:entry>
            </con:parameterOrder>
          </con:restRequest>
        </con:config>
      </con:testStep>
      <con:testStep type="restrequest" name="GET-LogOut" id="c51fbbd3-1efc-4f64-b795-54d240ab2541">
        <con:settings/>
        <con:config service="https://petstore.swagger.io" resourcePath="/v2/user/logout" methodName="Logout" xsi:type="con:RestRequestStep" xmlns:xsi="http://www.w3.org/2001/XMLSchema-instance">
          <con:restRequest name="GET-LogOut" id="4d4861dd-012d-4b4f-9bb7-876a2b4d95d3" mediaType="application/json">
            <con:settings>
              <con:setting id="com.eviware.soapui.impl.wsdl.WsdlRequest@request-headers">&lt;xml-fragment/></con:setting>
            </con:settings>
            <con:endpoint>https://petstore.swagger.io</con:endpoint>
            <con:request/>
            <con:originalUri>https://petstore.swagger.io/v2/user/logout</con:originalUri>
            <con:assertion type="Valid HTTP Status Codes" id="2c8c06d0-8c7b-48e1-a04d-450b7e65f196" name="Valid HTTP Status Codes">
              <con:settings/>
              <con:configuration>
                <codes>200</codes>
              </con:configuration>
            </con:assertion>
            <con:credentials>
              <con:selectedAuthProfile>No Authorization</con:selectedAuthProfile>
              <con:authType>No Authorization</con:authType>
            </con:credentials>
            <con:jmsConfig JMSDeliveryMode="PERSISTENT"/>
            <con:parameters/>
          </con:restRequest>
        </con:config>
      </con:testStep>
      <con:testStep type="restrequest" name="DELETE-User" id="3c989c51-a9cc-456b-af9c-369392a98e31">
        <con:settings/>
        <con:config service="https://petstore.swagger.io" resourcePath="/v2/user/{username}" methodName="Username 2" xsi:type="con:RestRequestStep" xmlns:xsi="http://www.w3.org/2001/XMLSchema-instance">
          <con:restRequest name="DELETE-User" id="04db886a-e503-47fa-bb23-b814ed1c3795" mediaType="application/json" postQueryString="false">
            <con:settings>
              <con:setting id="com.eviware.soapui.impl.wsdl.WsdlRequest@request-headers">&lt;xml-fragment/></con:setting>
            </con:settings>
            <con:endpoint>https://petstore.swagger.io</con:endpoint>
            <con:request/>
            <con:originalUri>https://petstore.swagger.io/v2/user/testuser</con:originalUri>
            <con:assertion type="Valid HTTP Status Codes" id="762aba0f-145a-40f1-a9f7-efe9a8d23846" name="Valid HTTP Status Codes">
              <con:settings/>
              <con:configuration>
                <codes>200</codes>
              </con:configuration>
            </con:assertion>
            <con:credentials>
              <con:selectedAuthProfile>No Authorization</con:selectedAuthProfile>
              <con:authType>No Authorization</con:authType>
            </con:credentials>
            <con:jmsConfig JMSDeliveryMode="PERSISTENT"/>
            <con:parameters>
              <con:entry key="username" value="testuser"/>
            </con:parameters>
            <con:parameterOrder>
              <con:entry>username</con:entry>
            </con:parameterOrder>
          </con:restRequest>
        </con:config>
      </con:testStep>
      <con:properties/>
      <con:reportParameters/>
    </con:testCase>
    <con:properties/>
    <con:reportParameters/>
  </con:testSuite>
  <con:properties/>
  <con:wssContainer/>
  <con:databaseConnectionContainer/>
  <con:jmsConnectionContainer/>
  <con:oAuth2ProfileContainer/>
  <con:oAuth1ProfileContainer/>
  <con:reporting>
    <con:xmlTemplates/>
    <con:parameters/>
  </con:reporting>
  <con:eventHandlers type="RequestFilter.filterRequest" name="RequestFilter.filterRequest">
    <con:script>// Sample event script to add custom HTTP header to all outgoing REST, SOAP and HTTP(S) calls
// This code is often used for adding custom authentication to ReadyAPI functional tests

// If hardcoding the token, uncomment and change line 5
// token = '4567'

// If your token is parameterized in Project level custom property, uncomment line 8
// token = request.parent.testCase.testSuite.project.getProperty('auth_token').getValue()

// To modify all outgoing calls, remove comments from lines 11 to 16
// headers = request.requestHeaders
// if (headers.containsKey('auth_token2') == false) {
//   headers.put('auth_token2', token)
//   request.requestHeaders = headers
// }</con:script>
  </con:eventHandlers>
  <con:eventHandlers type="TestRunListener.afterStep" name="TestRunListener.afterStep">
    <con:script>// Save all test step results into files
// Change the directory path in line 5 to a location where you want to store details
// then uncomment lines 5 to 10

// filePath = 'C:\\tempOutputDirectory\\'
// fos = new java.io.FileOutputStream(filePath + testStepResult.testStep.label + '.txt', true)
// pw = new java.io.PrintWriter(fos)
// testStepResult.writeTo(pw)
// pw.close()
// fos.close()</con:script>
  </con:eventHandlers>
  <con:authRepository/>
  <con:tags/>
</con:soapui-project>
